,Year,Month,Prison Facility,Total,Serving Sentence,Detainees,Illegal Combatants,Legal Proceedings,Admin Detainees
1,2023,Sept.,IPS,4764,2222,115,,1117,1310
2,2023,Sept.,IDF,,,,,,
3,2023,August,IPS,4641,2179,123,,1095,1244
4,2023,August,IDF,,,,,,
5,2023,July,IPS,4563,2167,78,,1128,1190
6,2023,July,IDF,,,,,,
7,2023,June,IPS,4499,2139,85,,1158,1117
8,2023,June,IDF,412,0,347,,0,65
9,2023,May,IPS,4445,2153,84,,1144,1064
10,2023,May,IDF,375,0,330,,0,45
11,2023,April,IPS,4391,2162,115,,1117,997
12,2023,April,IDF,222,0,205,,0,17
13,2023,March,IPS,4407,2252,106,,1047,1002
14,2023,March,IDF,392,0,338,,0,54
15,2023,Feb.,IPS,4355,2244,98,,1068,945
16,2023,Feb.,IDF,370,0,321,,0,49
17,2023,Jan.,IPS,4336,2237,127,,1066,906
18,2023,Jan.,IDF,416,0,366,,0,50
20,2023,Sept.,IPS,932,534,398,,,
21,2023,Sept.,IDF,,,,,,
22,2023,August,IPS,930,524,406,,,
23,2023,August,IDF,,,,,,
24,2023,July,IPS,877,563,314,,,
25,2023,July,IDF,,,,,,
26,2023,June,IPS,850,483,367,,,
27,2023,June,IDF,249,0,249,,,
28,2023,May,IPS,867,498,369,,,
29,2023,May,IDF,192,0,192,,,
30,2023,April,IPS,832,422,410,,,
31,2023,April,IDF,90,0,90,,,
32,2023,March,IPS,839,433,406,,,
33,2023,March,IDF,221,0,221,,,
34,2023,Feb.,IPS,860,413,447,,,
35,2023,Feb.,IDF,204,0,204,,,
36,2023,Jan.,IPS,794,373,421,,,
37,2023,Jan.,IDF,242,0,242,,,
39,2022,Dec.,IPS,,,,,,
40,2022,Dec.,IDF,,,,,,
41,2022,Nov.,IPS,,,,,,
42,2022,Nov.,IDF,,,,,,
43,2022,Oct.,IPS,,,,,,
44,2022,Oct.,IDF,,,,,,
45,2022,Sept.,IPS,4241,2262,105,0,1090,784
46,2022,Sept.,IDF,,,,,,
47,2022,August,IPS,4149,2274,96,0,1053,726
48,2022,August,IDF,,,,,,
49,2022,July,IPS,4100,2295,120,0,1025,660
50,2022,July,IDF,,,,,,
51,2022,June,IPS,4112,2334,135,0,1011,632
52,2022,June,IDF,,,,,,
53,2022,May,IPS,4154,2314,197,0,1029,614
54,2022,May,IDF,,,,,,
55,2022,April,IPS,4173,2335,245,0,1005,588
56,2022,April,IDF,,,,,,
57,2022,March,IPS,3983,2381,169,0,926,507
58,2022,March,IDF,193,0,158,0,0,35
59,2022,Feb.,IPS,3949,2388,142,0,950,469
60,2022,Feb.,IDF,144,0,140,0,0,4
61,2022,Jan.,IPS,4001,2394,144,0,978,485
62,2022,Jan.,IDF,185,0,170,0,0,15
64,2022,Dec.,IPS,,,,,,
65,2022,Dec.,IDF,,,,,,
66,2022,Nov.,IPS,,,,,,
67,2022,Nov.,IDF,,,,,,
68,2022,Oct.,IPS,,,,,,
69,2022,Oct.,IDF,,,,,,
70,2022,Sept.,IPS,647,336,311,,,
71,2022,Sept.,IDF,,,,,,
72,2022,August,IPS,675,347,328,,,
73,2022,August,IDF,,,,,,
74,2022,July,IPS,675,379,296,,,
75,2022,July,IDF,,,,,,
76,2022,June,IPS,678,376,302,,,
77,2022,June,IDF,,,,,,
78,2022,May,IPS,729,384,345,,,
79,2022,May,IDF,,,,,,
80,2022,April,IPS,737,374,363,,,
81,2022,April,IDF,,,,,,
82,2022,March,IPS,702,349,353,,,
83,2022,March,IDF,1,0,1,,,
84,2022,Feb.,IPS,658,345,313,,,
85,2022,Feb.,IDF,7,0,7,,,
86,2022,Jan.,IPS,624,363,261,,,
87,2022,Jan.,IDF,6,0,6,,,
89,2021,Dec.,IPS,4018,2413,103,0,1007,495
90,2021,Dec.,IDF,159,0,139,0,0,20
91,2021,Nov.,IPS,4087,2412,121,0,1063,491
92,2021,Nov.,IDF,162,0,139,0,0,23
93,2021,Oct.,IPS,4093,2399,100,0,1115,479
94,2021,Oct.,IDF,147,0,141,0,0,6
95,2021,Sept.,IPS,,,,,,
96,2021,Sept.,IDF,112,0,97,0,0,15
97,2021,August,IPS,,,,,,
98,2021,August,IDF,135,0,131,0,0,4
99,2021,July,IPS,,,,,,
100,2021,July,IDF,158,0,145,0,0,13
101,2021,June,IPS,,,,,,
102,2021,June,IDF,191,0,165,0,0,26
103,2021,May,IPS,,,,,,
104,2021,May,IDF,229,0,172,0,0,57
105,2021,April,IPS,,,,,,
106,2021,April,IDF,114,0,105,0,0,9
107,2021,March,IPS,,,,,,
108,2021,March,IDF,150,0,140,0,0,10
109,2021,Feb.,IPS,,,,,,
110,2021,Feb.,IDF,152,0,142,0,0,10
111,2021,Jan.,IPS,,,,,,
112,2021,Jan.,IDF,150,0,139,0,0,11
114,2021,Dec.,IPS,653,402,251,,,
115,2021,Dec.,IDF,0,0,0,,,
116,2021,Nov.,IPS,635,373,262,,,
117,2021,Nov.,IDF,0,0,0,,,
118,2021,Oct.,IPS,630,350,280,,,
119,2021,Oct.,IDF,0,0,0,,,
120,2021,Sept.,IPS,,,,,,
121,2021,Sept.,IDF,0,0,0,,,
122,2021,August,IPS,,,,,,
123,2021,August,IDF,0,0,0,,,
124,2021,July,IPS,,,,,,
125,2021,July,IDF,0,0,0,,,
126,2021,June,IPS,,,,,,
127,2021,June,IDF,1,0,1,,,
128,2021,May,IPS,,,,,,
129,2021,May,IDF,1,0,1,,,
130,2021,April,IPS,,,,,,
131,2021,April,IDF,0,0,0,,,
132,2021,March,IPS,,,,,,
133,2021,March,IDF,3,0,3,,,
134,2021,Feb.,IPS,,,,,,
135,2021,Feb.,IDF,2,0,2,,,
136,2021,Jan.,IPS,,,,,,
137,2021,Jan.,IDF,6,0,6,,,
139,2020,Dec.,IPS,,,,,,
140,2020,Dec.,IDF,125,0,99,0,0,26
141,2020,Nov.,IPS,,,,,,
142,2020,Nov.,IDF,112,0,98,0,0,14
143,2020,Oct.,IPS,,,,,,
144,2020,Oct.,IDF,149,0,125,0,0,24
145,2020,Sept.,IPS,4184,2634,159,0,990,376
146,2020,Sept.,IDF,107,0,80,0,0,27
147,2020,August,IPS,4207,2643,161,0,1026,355
148,2020,August,IDF,160,0,138,0,0,22
149,2020,July,IPS,4226,2738,168,0,957,334
150,2020,July,IDF,183,0,163,0,0,20
151,2020,June,IPS,4279,2771,175,0,944,357
152,2020,June,IDF,171,0,158,0,0,13
153,2020,May,IPS,4236,2738,131,0,991,352
154,2020,May,IDF,87,0,69,0,0,18
155,2020,April,IPS,4331,2758,105,0,1089,372
156,2020,April,IDF,43,0,39,0,0,4
157,2020,March,IPS,4488,2846,111,0,1107,424
158,2020,March,IDF,65,0,63,0,0,2
159,2020,Feb.,IPS,4534,2873,182,0,1049,429
160,2020,Feb.,IDF,107,0,107,0,0,0
161,2020,Jan.,IPS,4520,2850,185,0,1051,431
162,2020,Jan.,IDF,136,0,136,0,0,0
164,2020,Dec.,IPS,,,,,,
165,2020,Dec.,IDF,0,0,0,,,
166,2020,Nov.,IPS,,,,,,
167,2020,Nov.,IDF,5,0,5,,,
168,2020,Oct.,IPS,,,,,,
169,2020,Oct.,IDF,2,0,2,,,
170,2020,Sept.,IPS,545,359,186,,,
171,2020,Sept.,IDF,2,0,2,,,
172,2020,August,IPS,575,360,212,,,
173,2020,August,IDF,5,0,5,,,
174,2020,July,IPS,522,363,159,,,
175,2020,July,IDF,0,0,0,,,
176,2020,June,IPS,546,381,165,,,
177,2020,June,IDF,0,0,0,,,
178,2020,May,IPS,479,317,161,,,
179,2020,May,IDF,12,0,12,,,
180,2020,April,IPS,434,329,105,,,
181,2020,April,IDF,0,0,0,,,
182,2020,March,IPS,459,331,128,,,
183,2020,March,IDF,0,0,0,,,
184,2020,Feb.,IPS,544,328,216,,,
185,2020,Feb.,IDF,0,0,0,,,
186,2020,Jan.,IPS,527,343,184,,,
187,2020,Jan.,IDF,0,0,0,,,
189,2019,Dec.,IPS,4544,2855,197,0,1027,464
190,2019,Dec.,IDF,115,0,115,0,0,0
191,2019,Nov.,IPS,4638,2873,166,0,1141,458
192,2019,Nov.,IDF,86,0,86,0,0,0
193,2019,Oct.,IPS,4731,2840,370,0,1061,460
194,2019,Oct.,IDF,95,0,95,0,0,0
195,2019,Sept.,IPS,4792,2838,236,0,1281,437
196,2019,Sept.,IDF,181,0,181,0,0,0
197,2019,August,IPS,4787,2851,203,0,1320,413
198,2019,August,IDF,135,0,135,0,0,0
199,2019,July,IPS,4929,2913,224,0,1338,454
200,2019,July,IDF,162,0,162,0,0,0
201,2019,June,IPS,4880,2899,179,0,1369,433
202,2019,June,IDF,125,0,125,0,0,0
203,2019,May,IPS,5106,2924,248,0,1448,486
204,2019,May,IDF,146,0,146,0,0,0
205,2019,April,IPS,5152,2975,226,0,1472,479
206,2019,April,IDF,144,0,144,0,0,0
207,2019,March,IPS,5197,3012,238,0,1461,486
208,2019,March,IDF,113,0,113,0,0,0
209,2019,Feb.,IPS,5248,3090,244,0,1419,495
210,2019,Feb.,IDF,106,0,106,0,0,0
211,2019,Jan.,IPS,5298,3147,233,0,1427,491
212,2019,Jan.,IDF,153,0,153,0,0,0
214,2019,Dec.,IPS,484,336,148,,,
215,2019,Dec.,IDF,4,0,4,,,
216,2019,Nov.,IPS,488,318,170,,,
217,2019,Nov.,IDF,5,0,5,,,
218,2019,Oct.,IPS,472,311,161,,,
219,2019,Oct.,IDF,17,0,17,,,
220,2019,Sept.,IPS,579,369,210,,,
221,2019,Sept.,IDF,1,0,1,,,
222,2019,August,IPS,629,366,263,,,
223,2019,August,IDF,0,0,0,,,
224,2019,July,IPS,554,356,198,,,
225,2019,July,IDF,1,0,1,,,
226,2019,June,IPS,524,325,199,,,
227,2019,June,IDF,6,0,6,,,
228,2019,May,IPS,546,332,214,,,
229,2019,May,IDF,1,0,1,,,
230,2019,April,IPS,555,345,210,,,
231,2019,April,IDF,0,0,0,,,
232,2019,March,IPS,633,393,240,,,
233,2019,March,IDF,8,0,8,,,
234,2019,Feb.,IPS,645,399,246,,,
235,2019,Feb.,IDF,5,0,5,,,
236,2019,Jan.,IPS,657,391,266,,,
237,2019,Jan.,IDF,15,0,15,,,
239,2018,Dec.,IPS,5370,3207,240,0,1429,494
240,2018,Dec.,IDF,132,0,132,0,0,0
241,2018,Nov.,IPS,5362,3188,218,0,1487,469
242,2018,Nov.,IDF,125,0,125,0,0,0
243,2018,Oct.,IPS,5426,3224,256,0,1465,481
244,2018,Oct.,IDF,153,0,153,0,0,0
245,2018,Sept.,IPS,5436,3168,223,0,1564,481
246,2018,Sept.,IDF,111,0,111,0,0,0
247,2018,August,IPS,5493,3295,225,0,1508,465
248,2018,August,IDF,125,0,125,0,0,0
249,2018,July,IPS,5626,3383,259,0,1522,462
250,2018,July,IDF,131,0,131,0,0,0
251,2018,June,IPS,5667,3329,241,0,1651,446
252,2018,June,IDF,154,0,152,0,0,2
253,2018,May,IPS,5732,3352,266,0,1674,440
254,2018,May,IDF,176,0,176,0,0,0
255,2018,April,IPS,5772,3376,295,0,1677,424
256,2018,April,IDF,120,0,120,0,0,0
257,2018,March,IPS,5867,3478,291,0,1667,431
258,2018,March,IDF,171,0,171,0,0,0
259,2018,Feb.,IPS,5890,3499,273,0,1691,427
260,2018,Feb.,IDF,191,0,191,0,0,0
261,2018,Jan.,IPS,5951,3492,301,0,1713,445
262,2018,Jan.,IDF,154,0,154,0,0,0
264,2018,Dec.,IPS,564,362,202,,,
265,2018,Dec.,IDF,3,0,3,,,
266,2018,Nov.,IPS,709,489,220,,,
267,2018,Nov.,IDF,3,0,3,,,
268,2018,Oct.,IPS,678,461,217,,,
269,2018,Oct.,IDF,7,0,7,,,
270,2018,Sept.,IPS,685,440,245,,,
271,2018,Sept.,IDF,2,0,2,,,
272,2018,August,IPS,743,489,254,,,
273,2018,August,IDF,5,0,5,,,
274,2018,July,IPS,741,535,206,,,
275,2018,July,IDF,13,0,13,,,
276,2018,June,IPS,682,467,215,,,
277,2018,June,IDF,2,0,2,,,
278,2018,May,IPS,727,515,212,,,
279,2018,May,IDF,8,0,8,,,
280,2018,April,IPS,773,544,229,,,
281,2018,April,IDF,6,0,6,,,
282,2018,March,IPS,917,655,262,,,
283,2018,March,IDF,6,0,6,,,
284,2018,Feb.,IPS,880,611,269,,,
285,2018,Feb.,IDF,13,0,13,,,
286,2018,Jan.,IPS,887,604,283,,,
287,2018,Jan.,IDF,9,0,9,,,
289,2017,Dec.,IPS,5976,3458,318,0,1763,437
290,2017,Dec.,IDF,226,0,226,0,0,0
291,2017,Nov.,IPS,5881,3409,272,0,1775,425
292,2017,Nov.,IDF,148,0,148,0,0,0
293,2017,Oct.,IPS,5943,3293,324,0,1879,447
294,2017,Oct.,IDF,124,0,124,0,0,0
295,2017,Sept.,IPS,5989,3362,296,0,1879,452
296,2017,Sept.,IDF,156,0,156,0,0,0
297,2017,August,IPS,5898,3314,285,0,1864,435
298,2017,August,IDF,154,0,154,0,0,0
299,2017,July,IPS,6050,3361,424,0,1807,458
300,2017,July,IDF,254,0,253,0,0,1
301,2017,June,IPS,5915,3327,262,1,1881,444
302,2017,June,IDF,130,0,130,0,0,0
303,2017,May,IPS,6020,3389,341,2,1813,475
304,2017,May,IDF,242,0,242,0,0,0
305,2017,April,IPS,5954,3505,297,2,1664,486
306,2017,April,IDF,162,0,162,0,0,0
307,2017,March,IPS,5978,3630,274,2,1580,492
308,2017,March,IDF,210,0,210,0,0,0
309,2017,Feb.,IPS,5973,3608,272,1,1578,514
310,2017,Feb.,IDF,220,0,220,0,0,0
311,2017,Jan.,IPS,5986,3589,264,0,1602,531
312,2017,Jan.,IDF,277,0,277,0,0,0
314,2017,Dec.,IPS,773,522,251,,,
315,2017,Dec.,IDF,2,0,2,,,
316,2017,Nov.,IPS,730,526,204,,,
317,2017,Nov.,IDF,4,0,4,,,
318,2017,Oct.,IPS,734,516,218,,,
319,2017,Oct.,IDF,6,0,6,,,
320,2017,Sept.,IPS,800,554,246,,,
321,2017,Sept.,IDF,21,0,21,,,
322,2017,August,IPS,803,541,262,,,
323,2017,August,IDF,17,0,17,,,
324,2017,July,IPS,846,611,235,,,
325,2017,July,IDF,19,0,19,,,
326,2017,June,IPS,746,521,225,,,
327,2017,June,IDF,10,0,10,,,
328,2017,May,IPS,811,556,255,,,
329,2017,May,IDF,21,0,21,,,
330,2017,April,IPS,828,556,272,,,
331,2017,April,IDF,9,0,9,,,
332,2017,March,IPS,925,593,332,,,
333,2017,March,IDF,11,0,11,,,
334,2017,Feb.,IPS,898,586,312,,,
335,2017,Feb.,IDF,12,0,12,,,
336,2017,Jan.,IPS,872,550,322,,,
337,2017,Jan.,IDF,9,0,9,,,
339,2016,Dec.,IPS,5943,3561,253,0,1594,535
340,2016,Dec.,IDF,146,0,146,0,0,0
341,2016,Nov.,IPS,5979,3542,248,0,1613,576
342,2016,Nov.,IDF,181,0,180,0,0,1
343,2016,Oct.,IPS,6065,3474,310,0,1683,598
344,2016,Oct.,IDF,143,0,142,0,0,1
345,2016,Sept.,IPS,6029,3547,246,0,1628,608
346,2016,Sept.,IDF,189,0,183,0,0,6
347,2016,August,IPS,5988,3530,235,1,1578,644
348,2016,August,IDF,209,0,207,0,0,2
349,2016,July,IPS,6068,3516,227,1,1682,642
350,2016,July,IDF,194,0,194,0,0,0
351,2016,June,IPS,6108,3528,227,1,1667,685
352,2016,June,IDF,197,0,196,0,0,1
353,2016,May,IPS,6189,3601,219,1,1690,678
354,2016,May,IDF,178,0,173,0,0,5
355,2016,April,IPS,6295,3580,249,1,1773,692
356,2016,April,IDF,168,0,166,0,0,2
357,2016,March,IPS,6313,3589,278,1,1757,688
358,2016,March,IDF,369,0,334,0,0,35
359,2016,Feb.,IPS,6204,3520,321,1,1735,627
360,2016,Feb.,IDF,285,0,252,0,0,33
361,2016,Jan.,IPS,6072,3497,256,1,1750,568
362,2016,Jan.,IDF,241,0,230,0,0,11
364,2016,Dec.,IPS,757,501,256,,,
365,2016,Dec.,IDF,11,0,11,,,
366,2016,Nov.,IPS,792,530,262,,,
367,2016,Nov.,IDF,6,0,6,,,
368,2016,Oct.,IPS,777,493,284,,,
369,2016,Oct.,IDF,10,0,10,,,
370,2016,Sept.,IPS,818,546,272,,,
371,2016,Sept.,IDF,14,0,14,,,
372,2016,August,IPS,910,568,342,,,
373,2016,August,IDF,22,0,22,,,
374,2016,July,IPS,894,582,312,,,
375,2016,July,IDF,31,0,31,,,
376,2016,June,IPS,781,500,281,,,
377,2016,June,IDF,18,0,18,,,
378,2016,May,IPS,763,524,239,,,
379,2016,May,IDF,3,0,3,,,
380,2016,April,IPS,749,533,216,,,
381,2016,April,IDF,4,0,4,,,
382,2016,March,IPS,,,,,,
383,2016,March,IDF,3,0,3,,,
384,2016,Feb.,IPS,874,617,257,,,
385,2016,Feb.,IDF,2,0,2,,,
386,2016,Jan.,IPS,873,635,238,,,
387,2016,Jan.,IDF,7,0,7,,,
389,2015,Dec.,IPS,6066,3445,297,0,1740,584
390,2015,Dec.,IDF,255,0,238,0,0,17
391,2015,Nov.,IPS,5936,3357,357,0,1695,527
392,2015,Nov.,IDF,357,0,332,0,0,25
393,2015,Oct.,IPS,5683,3358,383,0,1513,429
394,2015,Oct.,IDF,369,0,345,0,0,24
395,2015,Sept.,IPS,5244,3392,174,0,1363,315
396,2015,Sept.,IDF,110,,104,0,0,6
397,2015,August,IPS,5373,3496,185,0,1351,341
398,2015,August,IDF,127,,126,0,0,1
399,2015,July,IPS,5369,3536,159,1,1331,342
400,2015,July,IDF,117,,117,0,0,0
401,2015,June,IPS,5442,3559,149,1,1363,370
402,2015,June,IDF,104,,102,0,0,2
403,2015,May,IPS,5516,3538,216,1,1370,391
404,2015,May,IDF,132,,131,0,0,1
405,2015,April,IPS,5554,3502,176,1,1479,396
406,2015,April,IDF,159,,155,0,0,4
407,2015,March,IPS,5591,3495,184,1,1499,412
408,2015,March,IDF,126,0,123,0,0,3
409,2015,Feb.,IPS,5609,3428,222,1,1534,424
410,2015,Feb.,IDF,132,0,131,0,0,1
411,2015,Jan.,IPS,5549,3325,242,1,1526,455
412,2015,Jan.,IDF,144,0,140,0,0,4
414,2015,Dec.,IPS,901,641,260,,,
415,2015,Dec.,IDF,5,0,5,,,
416,2015,Nov.,IPS,962,597,365,,,
417,2015,Nov.,IDF,4,0,4,,,
418,2015,Oct.,IPS,928,618,310,,,
419,2015,Oct.,IDF,14,0,14,,,
420,2015,Sept.,IPS,846,611,235,,,
421,2015,Sept.,IDF,21,0,21,,,
422,2015,August,IPS,977,652,325,,,
423,2015,August,IDF,32,0,32,,,
424,2015,July,IPS,972,714,258,,,
425,2015,July,IDF,20,0,20,,,
426,2015,June,IPS,972,731,241,,,
427,2015,June,IDF,21,0,21,,,
428,2015,May,IPS,1022,755,267,,,
429,2015,May,IDF,31,0,31,,,
430,2015,April,IPS,1028,749,279,,,
431,2015,April,IDF,25,0,25,,,
432,2015,March,IPS,1061,777,284,,,
433,2015,March,IDF,43,0,43,,,
434,2015,Feb.,IPS,1061,787,274,,,
435,2015,Feb.,IDF,14,0,14,,,
436,2015,Jan.,IPS,1043,758,285,,,
437,2015,Jan.,IDF,31,0,31,,,
439,2014,Dec.,IPS,5528,3347,206,1,1511,463
440,2014,Dec.,IDF,191,0,182,0,0,9
441,2014,Nov.,IPS,5527,3304,227,1,1534,461
442,2014,Nov.,IDF,151,0,144,0,0,7
443,2014,Oct.,IPS,5477,3156,224,1,1609,457
444,2014,Oct.,IDF,150,0,145,0,0,5
445,2014,Sept.,IPS,5439,3127,220,1,1623,468
446,2014,Sept.,IDF,192,0,183,0,0,9
447,2014,August,IPS,5505,3120,261,1,1650,473
448,2014,August,IDF,45,0,45,0,0,0
449,2014,July,IPS,5383,3090,270,0,1577,446
450,2014,July,IDF,29,0,29,0,0,0
451,2014,June,IPS,5318,3141,317,0,1497,363
452,2014,June,IDF,29,0,29,0,0,0
453,2014,May,IPS,5053,3144,237,0,1476,196
454,2014,May,IDF,27,0,27,0,0,0
455,2014,April,IPS,5021,3133,202,0,1495,191
456,2014,April,IDF,25,0,25,0,0,0
457,2014,March,IPS,4999,3133,209,0,1471,186
458,2014,March,IDF,11,0,11,0,0,0
459,2014,Feb.,IPS,4961,3072,238,0,1470,181
460,2014,Feb.,IDF,21,0,21,0,0,0
461,2014,Jan.,IPS,4881,3095,235,0,1376,175
462,2014,Jan.,IDF,49,0,49,0,0,0
464,2014,Dec.,IPS,1115,805,310,,,
465,2014,Dec.,IDF,56,0,56,,,
466,2014,Nov.,IPS,1276,866,410,,,
467,2014,Nov.,IDF,37,0,37,,,
468,2014,Oct.,IPS,1188,813,375,,,
469,2014,Oct.,IDF,29,0,29,,,
470,2014,Sept.,IPS,1231,850,381,,,
471,2014,Sept.,IDF,72,0,72,,,
472,2014,August,IPS,1329,821,508,,,
473,2014,July,IPS,1195,839,356,,,
474,2014,June,IPS,1274,850,424,,,
475,2014,May,IPS,1313,873,440,,,
476,2014,April,IPS,1333,899,434,,,
477,2014,March,IPS,1444,985,459,,,
478,2014,Feb.,IPS,1403,925,478,,,
479,2014,Jan.,IPS,1415,962,453,,,
481,2013,Dec.,IPS,4768,3078,189,0,1351,150
482,2013,Nov.,IPS,4785,3123,218,0,1301,143
483,2013,Oct.,IPS,4753,3112,202,0,1299,140
484,2013,Sept.,IPS,4806,3133,239,0,1299,135
485,2013,August,IPS,4762,3161,172,0,1295,134
486,2013,July,IPS,4828,3306,169,0,1219,134
487,2013,June,IPS,4827,3308,232,0,1150,137
488,2013,May,IPS,4817,3286,190,0,1194,147
489,2013,April,IPS,4748,3188,189,0,1216,155
490,2013,March,IPS,4764,3190,214,0,1196,164
491,2013,Feb.,IPS,4713,3159,267,0,1118,169
492,2013,Jan.,IPS,4593,3207,158,0,1069,159
494,2013,Dec.,"1,284",869,415,,,,
495,2013,Nov.,"1,342",886,456,,,,
496,2013,Oct.,"1,258",852,406,,,,
497,2013,Sept.,"1,280",834,446,,,,
498,2013,August,"1,297",809,488,,,,
499,2013,July,"1,276",912,364,,,,
500,2013,June,"1,267",895,372,,,,
501,2013,May,"1,330",902,428,,,,
502,2013,April,"1,388",960,378,,,,
503,2013,March,"1,401",1018,383,,,,
504,2013,Feb.,"1,465",1054,411,,,,
505,2013,Jan.,"1,489",1098,391,,,,
507,2012,Dec.,IPS,4517,3089,219,0,1031,178
508,2012,Nov.,IPS,4432,3048,216,0,990,178
509,2012,Oct.,IPS,4298,3082,135,0,925,156
510,2012,Sept.,IPS,4373,3101,161,0,920,184
511,2012,August,IPS,4378,3078,145,0,943,212
512,2012,July,IPS,4423,3125,129,0,919,250
513,2012,June,IPS,4484,3119,170,1,909,285
514,2012,May,IPS,4437,3094,144,1,896,302
515,2012,April,IPS,4424,3097,165,1,853,308
516,2012,March,IPS,4386,3125,145,1,795,320
517,2012,Feb.,IPS,4411,3213,164,1,713,320
518,2012,Jan.,IPS,4357,3215,156,1,676,309
520,2012,Dec.,IPS,1356,927,429,,,
521,2012,Nov.,IPS,1336,859,477,,,
522,2012,Oct.,IPS,1240,788,452,,,
523,2012,Sept.,IPS,1308,840,468,,,
524,2012,August,IPS,1299,834,465,,,
525,2012,July,IPS,1371,948,423,,,
526,2012,June,IPS,1268,854,414,,,
527,2012,May,IPS,1249,847,402,,,
528,2012,April,IPS,1206,822,384,,,
529,2012,March,IPS,1289,900,389,,,
530,2012,Feb.,IPS,1375,980,395,,,
531,2012,Jan.,IPS,1269,909,360,,,
533,2011,Dec.,IPS,4281,3196,152,1,625,307
534,2011,Nov.,IPS,4803,3720,169,1,630,283
535,2011,Oct.,IPS,4772,3753,131,1,609,278
536,2011,Sept.,IPS,5269,4235,131,1,616,286
537,2011,August,IPS,5204,4164,124,2,642,272
538,2011,July,IPS,5398,4410,122,2,621,243
539,2011,June,IPS,5420,4425,136,2,615,242
540,2011,May,IPS,5335,4321,154,2,630,228
541,2011,April,IPS,5383,4381,124,2,657,219
542,2011,March,IPS,5493,4474,140,17,645,217
543,2011,Feb.,IPS,5550,4540,162,2,632,214
544,2011,Jan.,IPS,5642,4618,181,3,621,219
546,2010,Dec.,IPS,5705,4662,153,3,683,204
547,2010,Nov.,IPS,5741,4652,162,3,719,205
548,2010,Oct.,IPS,5847,4747,147,3,737,213
549,2010,Sept.,IPS,5936,4767,172,4,781,212
550,2010,August,IPS,6011,4847,164,5,806,189
551,2010,July,IPS,6157,4934,167,7,850,199
552,2010,June,IPS,6252,4937,167,7,938,203
553,2010,May,IPS,6338,4919,153,7,1046,213
554,2010,April,IPS,6484,4974,161,7,1120,222
555,2010,March,IPS,6631,5063,173,8,1150,237
556,2010,Feb.,IPS,6759,5074,217,7,1202,259
557,2010,Jan.,IPS,6794,5054,223,7,1246,264
559,2009,Dec.,IPS,6831,5073,207,9,1264,278
560,2009,Nov.,IPS,6891,5082,187,9,1322,291
561,2009,Oct.,IPS,7058,5076,202,9,1449,322
562,2009,Sept.,IPS,7155,5051,191,9,1569,335
563,2009,August,IPS,7285,5182,155,9,1576,363
564,2009,July,IPS,7430,5235,191,10,1607,387
565,2009,June,IDF,8,0,8,0,0,0
566,2009,June,IPS,"7,560",5296,203,13,1620,428
567,2009,May,IDF,31,8,20,0,3,0
568,2009,May,IPS,"7,669",5307,217,14,1682,449
569,2009,April,IPS,7786,5301,231,15,1752,487
570,2009,March,IDF,16,0,14,0,1,1
571,2009,March,IPS,"7,884",5315,298,15,1750,506
572,2009,Feb.,IDF,51,25,25,0,1,0
573,2009,Feb.,IPS,"7,938",5231,356,22,1787,542
574,2009,Jan.,IDF,32,1,26,0,5,0
575,2009,Jan.,IPS,"7,951",5170,276,19,1922,564
577,2008,Dec.,IDF,48,6,40,2,0,
578,2008,Dec.,IPS,"7,904",5204,223,1931,546,
579,2008,Nov.,IDF,59,6,47,6,0,
580,2008,Nov.,IPS,"8,218",5393,286,1970,569,
581,2008,Oct.,IDF,32,0,32,0,0,
582,2008,Oct.,IPS,"8,256",5292,317,2069,578,
583,2008,Sept.,IDF,41,0,39,1,1,
584,2008,Sept.,IPS,"8,317",5354,280,2085,598,
585,2008,August,IDF,35,1,29,3,2,
586,2008,August,IPS,"8,403",5257,322,2175,649,
587,2008,July,IPS,8472,5176,335,2270,691,
588,2008,June,IDF,30,0,29,1,0,
589,2008,June,IPS,"8,459",5137,241,2351,730,
590,2008,May,IDF,45,1,44,0,0,
591,2008,May,IPS,"8,550",5196,327,2266,761,
592,2008,April,IPS,8502,5248,811,1653,790,
593,2008,March,IDF,81,5,75,1,0,
594,2008,March,IPS,"8,520",5237,357,2150,776,
595,2008,Feb.,IDF,79,2,75,2,0,
596,2008,Feb.,IPS,"8,463",5148,360,2167,788,
597,2008,Jan.,IDF,43,0,40,2,1,
598,2008,Jan.,IPS,"8,428",5095,321,2199,813,
600,2007,Dec.,IPS,8378,5046,273,2217,842,
601,2007,Nov.,IDF,120,4,87,20,9,
602,2007,Nov.,IPS,"8,812",5495,225,2234,858,
603,2007,Oct.,IDF,122,4,88,16,14,
604,2007,Oct.,IPS,"8,596",5415,195,2144,842,
605,2007,Sept.,IDF,99,0,95,3,1,
606,2007,Sept.,IPS,"8,675",5519,220,2097,839,
607,2007,August,IDF,79,0,78,1,0,
608,2007,August,IPS,"8,607",5539,207,2039,822,
609,2007,July,IDF,51,2,41,5,3,
610,2007,June,IDF,64,0,62,2,0,
611,2007,June,IPS,"9,280",5910,267,2272,831,
612,2007,May,IDF,61,0,58,3,0,
613,2007,April,IDF,87,0,82,5,0,
614,2007,April,IPS,"9,250",5975,307,2159,809,
615,2007,March,IDF,88,0,82,3,3,
616,2007,March,IPS,"9,213",6025,351,2057,780,
617,2007,Jan.,IDF,55,0,45,4,6,
618,2007,Jan.,IPS,"9,103",6029,261,2012,801,
620,2006,Dec.,IDF,127,0,126,0,1,
621,2006,Dec.,IPS,"9,051",6048,120,2101,782,
622,2006,Nov.,IDF,69,0,63,4,2,
623,2006,Nov.,IPS,"9,006",5935,295,2040,736,
624,2006,Oct.,IDF,94,3,63,19,9,
625,2006,Oct.,IPS,"9,494",6330,292,2178,694,
626,2006,Sept.,IDF,929,118,176,519,116,
627,2006,Sept.,IPS,"8,074",5741,228,1593,592,
628,2006,July,IDF,1078,141,514,318,105,
629,2006,July,IPS,"8,085",5701,1739,,645,
630,2006,June,IDF,980,138,188,511,143,
631,2006,June,IPS,,,,,,
632,2006,May,IDF,1038,143,274,479,142,
633,2006,May,IPS,,,,,,
634,2006,April,IDF,1119,165,241,604,109,
635,2006,April,IPS,,,,,,
636,2006,March,IDF,3172,1673,267,522,710,
637,2006,March,IPS,,,,,,
638,2006,Feb.,IDF,3025,1587,212,501,725,
639,2006,Feb.,IPS,,,,,,
640,2006,Jan.,IDF,3095,1645,174,538,738,
641,2006,Jan.,IPS,"5,127",4019,105,950,53,
643,2005,Dec.,IDF,3137,1665,162,522,788,
644,2005,Dec.,IPS,"5,039",3990,92,910,47,
645,2005,Nov.,IDF,3116,1600,309,456,751,
646,2005,Nov.,IPS,"4,909",3802,89,976,42,
647,2005,Oct.,IDF,3154,1641,537,398,578,
648,2005,Oct.,IPS,"4,847",3696,101,1014,36,
649,2005,Sept.,IDF,,,,,,
650,2005,Sept.,IPS,"4,749",3667,84,964,24,
651,2005,August,IDF,2714,1520,460,138,596,
652,2005,August,IPS,"4,588",3527,52,985,24,
653,2005,July,IDF,2571,1376,473,118,604,
654,2005,July,IPS,"4,617",3423,70,1094,30,
655,2005,June,IDF,,,,,,
656,2005,June,IPS,"4,612",3321,62,1200,29,
657,2005,May,IDF,2883,1605,507,124,647,
658,2005,May,IPS,"4,693",3328,41,1295,29,
659,2005,April,IDF,2801,1543,84,470,704,
660,2005,April,IPS,"4,637",3170,58,1377,32,
661,2005,March,IDF,,,,,,
662,2005,March,IPS,"4,627",3027,54,1512,34,
663,2005,Feb.,IDF,,,,,,
664,2005,Feb.,IPS,"4,568",2785,41,1697,45,
665,2005,Jan.,IDF,4340,1994,266,1232,848,
666,2005,Jan.,IPS,"3,706",2169,42,1464,31,
668,2004,Dec.,IDF,4375,1977,247,1315,836,
669,2004,Dec.,IPS,"3,412",1913,1520,0,27,
670,2004,Nov.,IDF,,,,,831,
671,2004,Nov.,IPS,"3,286","1,785",1509,0,27,
672,2004,Oct.,IDF,,,,,,
673,2004,Oct.,IPS,"3,243","1,734",1547,0,23,
674,2004,Sept.,IDF,4036,1864,220,1192,760,
675,2004,Sept.,IPS,"3,300",1698,1581,0,21,
676,2004,August,IDF,3997,1806,284,1176,731,
677,2004,August,IPS,"3,290",1647,1623,0,20,
678,2004,July,IDF,3943,1712,229,1265,737,
679,2004,July,IPS,"3,034",1546,1465,0,23,
680,2004,June,IDF,3961,1661,261,1316,723,
681,2004,June,IPS,"2,866",1546,1374,0,24,
682,2004,May,IDF,3939,1537,275,1457,670,
683,2004,May,IPS,"2,687",1362,1292,0,33,
684,2004,April,IDF,3684,1386,277,1403,618,
685,2004,April,IPS,"2,667",1393,1248,0,26,
686,2004,March,IDF,3534,1312,220,1397,605,
687,2004,March,IPS,"2,641",1333,1283,0,25,
688,2004,Feb.,IDF,3334,1188,223,1307,606,
689,2004,Feb.,IPS,"2,568",1319,1227,0,22,
690,2004,Jan.,IDF,3570,1431,233,1268,638,
691,2004,Jan.,IPS,"2,532",1288,1225,0,19,
693,2003,Dec.,IDF,3465,1310,280,1244,631,
694,2003,Dec.,IPS,"2,479",1211,1250,0,18,
695,2003,Nov.,IDF,3321,1265,203,1191,695,
696,2003,Nov.,IPS,"2,371",1196,1155,0,20,
697,2003,Oct.,IDF,3150,1215,232,1164,539,
698,2003,Oct.,IPS,"2,323",1089,1220,0,14,
699,2003,Sept.,IDF,3053,1140,209,1189,515,
700,2003,Sept.,IPS,"2,225",1059,1153,0,13,
701,2003,August,IDF,3256,1159,195,1215,687,
702,2003,August,IPS,"2,194",1003,1178,0,13,
703,2003,July,IDF,3452,1083,377,1229,763,
704,2003,July,IPS,"2,027",925,1080,0,22,
705,2003,June,IDF,3371,987,275,1177,932,
706,2003,June,IPS,"1,974",860,1094,0,20,
707,2003,May,IDF,3351,881,224,1158,1088,
708,2003,May,IPS,"2,011",809,1183,0,19,
709,2003,April,IDF,3390,856,337,1078,1119,
710,2003,April,IPS,"1,882",743,1118,0,21,
711,2003,March,IDF,3316,810,306,1092,1108,
712,2003,March,IPS,"1,696",686,991,0,19,
713,2003,Feb.,IDF,3243,805,267,1083,1088,
714,2003,Feb.,IPS,"1,572",652,901,0,19,
715,2003,Jan.,IDF,3234,738,364,1125,1007,
716,2003,Jan.,IPS,"1,462",600,851,0,11,
718,2002,Dec.,IDF,3076,670,388,1069,949,
719,2002,Dec.,IPS,"1,435",588,836,0,11,
720,2002,Nov.,IDF,2909,597,299,1068,927,
721,2002,Nov.,IPS,"1,361",568,784,0,9,
722,2002,Oct.,IDF,2755,570,245,1069,871,
723,2002,Oct.,IPS,"1,306",556,743,0,7,
724,2002,Sept.,IDF,2689,514,262,1056,857,
725,2002,Sept.,IPS,"1,330",567,689,16,10,
726,2002,August,IDF,2644,476,315,1045,808,
727,2002,August,IPS,"1,176",561,610,0,5,
728,2002,July,IDF,2773,447,737,651,938,
729,2002,July,IPS,"1,140",575,560,0,5,
730,2002,June,IDF,2411,357,208,917,929,
731,2002,June,IPS,,607,,,,
732,2002,May,IDF,2368,388,557,742,681,
733,2002,May,IPS,,,,,,
734,2002,April,IDF,2682,546,2025,111,,
735,2002,April,IPS,,,,,,
736,2002,March,IDF,1136,442,15,659,40,
737,2002,March,IPS,"1,314",863,447,0,4,
738,2002,Jan.,IDF,1078,320,15,707,36,
739,2002,Jan.,IPS,891,589,,302,0,
741,2001,Dec.,IDF,1023,314,13,662,34,
742,2001,Dec.,IPS,831,575,,256,0,
743,2001,Nov.,IDF,975,259,15,670,31,
744,2001,Nov.,IPS,823,573,,250,0,
745,2001,Oct.,IDF,964,292,12,634,26,
746,2001,Oct.,IPS,816,577,,238,1,
747,2001,Sept.,IDF,,,,,,
748,2001,Sept.,IPS,,,,,,
749,2001,August,IDF,896,304,21,555,16,
750,2001,August,IPS,773,572,,199,1,
751,2001,July,IDF,849,284,21,535,9,
752,2001,July,IPS,813,582,45,184,1,
753,2001,June,IDF,823,291,16,504,12,
754,2001,June,IPS,748,574,39,174,1,
755,2001,May,IDF,820,302,12,495,11,
756,2001,May,IPS,725,574,44,151,1,
757,2001,April,IDF,812,279,16,506,11,
758,2001,April,IPS,757,572,42,142,1,
759,2001,March,IDF,787,248,12,513,14,
760,2001,March,IPS,751,74,44,132,1,
761,2001,Feb.,IDF,761,223,8,514,16,
762,2001,Feb.,IPS,747,557,41,129,0,
763,2001,Jan.,IDF,719,202,5,496,16,
764,2001,Jan.,IPS,737,571,37,131,0,
